list_Under5,list_5to10,list_10to15,list_Over15
0.515966061669958,0.457357658589595,0.00793601036540129,0.0187402693750457
